{
  "project_info": {
    "project_number": "105759618157",
    "project_id": "postest7-1915016009",
    "storage_bucket": "postest7-1915016009.appspot.com"
  },
  "client": [
    {
      "client_info": {
        "mobilesdk_app_id": "1:105759618157:android:df532773159488a2a67b64",
        "android_client_info": {
          "package_name": "com.example.postest7_1915016009_haniifahfitriani"
        }
      },
      "oauth_client": [
        {
          "client_id": "105759618157-e1pu9fp8tvg1igg17luctccih5esd9g0.apps.googleusercontent.com",
          "client_type": 3
        }
      ],
      "api_key": [
        {
          "current_key": "AIzaSyBvKfeiZkMoM-hasDuEgQ120daCxIO3r0U"
        }
      ],
      "services": {
        "appinvite_service": {
          "other_platform_oauth_client": [
            {
              "client_id": "105759618157-e1pu9fp8tvg1igg17luctccih5esd9g0.apps.googleusercontent.com",
              "client_type": 3
            }
          ]
        }
      }
    }
  ],
  "configuration_version": "1"
}